{"name":"c3a4b376-3790-429b-bbda-2c72dd8e92a3","id":"/providers/Microsoft.Flow/flows/c3a4b376-3790-429b-bbda-2c72dd8e92a3","type":"Microsoft.Flow/flows","properties":{"apiId":"/providers/Microsoft.PowerApps/apis/shared_logicflows","displayName":"Post call survey - Production step 3 (send email to stakehodlers)","definition":{"metadata":{"workflowEntityId":null,"processAdvisorMetadata":null,"flowChargedByPaygo":null,"flowclientsuspensionreason":"None","flowclientsuspensiontime":null,"flowclientsuspensionreasondetails":"","creator":{"id":"0e852d43-baed-47d3-83ba-67996eac4b7b","type":"User","tenantId":"ef7f5213-d6d1-4d58-920b-f442749ee37d"},"provisioningMethod":"FromDefinition","failureAlertSubscription":true,"clientLastModifiedTime":"2024-04-19T11:12:50.0745598Z","connectionKeySavedTimeKey":"2024-04-19T11:11:23.8331936Z"},"$schema":"https://schema.management.azure.com/providers/Microsoft.Logic/schemas/2016-06-01/workflowdefinition.json#","contentVersion":"undefined","parameters":{"$authentication":{"defaultValue":{},"type":"SecureObject"},"$connections":{"defaultValue":{},"type":"Object"}},"triggers":{"Recurrence":{"recurrence":{"frequency":"Week","interval":1,"timeZone":"AUS Eastern Standard Time","startTime":"2024-04-11T21:40:00.000Z","schedule":{"weekDays":["Friday"],"hours":["21"],"minutes":[12]}},"metadata":{"operationMetadataId":"246b5d77-456f-4688-ab2d-c354c6f3839f"},"type":"Recurrence"}},"actions":{"Get_files_(properties_only)":{"runAfter":{},"metadata":{"operationMetadataId":"92d4ac93-81b2-4559-ab85-3dadf5d0c4f1"},"type":"OpenApiConnection","inputs":{"parameters":{"dataset":"https://employsure.sharepoint.com/sites/IT-RichardQ","table":"d303c38d-7144-4793-82e3-5c6435633875","$filter":"ID eq 8","folderPath":"/Shared Documents/PostCallSurvey"},"host":{"apiId":"/providers/Microsoft.PowerApps/apis/shared_sharepointonline","connectionName":"shared_sharepointonline","operationId":"GetFileItems"},"authentication":"@parameters('$authentication')"}},"Apply_to_each":{"foreach":"@outputs('Get_files_(properties_only)')?['body/value']","actions":{"Get_file_content":{"metadata":{"operationMetadataId":"7e20e262-7d40-496b-af31-57a2b3eb9cff"},"type":"OpenApiConnection","inputs":{"parameters":{"dataset":"https://employsure.sharepoint.com/sites/IT-RichardQ","id":"@items('Apply_to_each')?['{Identifier}']","inferContentType":true},"host":{"apiId":"/providers/Microsoft.PowerApps/apis/shared_sharepointonline","connectionName":"shared_sharepointonline","operationId":"GetFileContent"},"authentication":"@parameters('$authentication')"}},"Send_an_email_(V2)":{"runAfter":{"Convert_time_zone":["Succeeded"]},"metadata":{"operationMetadataId":"7a94f417-9de3-49c8-b6a7-8c5fb66ac1cb"},"type":"OpenApiConnection","inputs":{"parameters":{"emailMessage/To":"stephen.roebuck@employsure.com.au;Steven.Nguyen@employsure.com.au","emailMessage/Subject":"Post Call Survey Results","emailMessage/Body":"<p><span style=\"font-size: 9px\">Please find attached<br>\n<br>\nPlease note, this is an automated genereated email</span></p>","emailMessage/Bcc":"richard.dib@employsure.com.au","emailMessage/Attachments":[{"Name":"@{body('Convert_time_zone')}@{items('Apply_to_each')?['{FilenameWithExtension}']}","ContentBytes":"@body('Get_file_content')"}],"emailMessage/Importance":"Normal"},"host":{"apiId":"/providers/Microsoft.PowerApps/apis/shared_office365","connectionName":"shared_office365","operationId":"SendEmailV2"},"authentication":"@parameters('$authentication')"}},"Current_time":{"runAfter":{"Get_file_content":["Succeeded"]},"metadata":{"operationMetadataId":"bf656825-59e1-41b9-aa2e-2103a0cca113"},"type":"Expression","kind":"CurrentTime","inputs":{}},"Convert_time_zone":{"runAfter":{"Current_time":["Succeeded"]},"metadata":{"operationMetadataId":"b25d8bcb-0b94-4bcc-b10a-054c181c2aba"},"type":"Expression","kind":"ConvertTimeZone","inputs":{"baseTime":"@body('Current_time')","sourceTimeZone":"UTC","destinationTimeZone":"AUS Eastern Standard Time","formatString":"dd-MM-yyyy"}}},"runAfter":{"Get_files_(properties_only)":["Succeeded"]},"metadata":{"operationMetadataId":"4b4eccf1-2eea-4d97-a84e-b74f8730f6bd"},"type":"Foreach"}}},"connectionReferences":{"shared_sharepointonline":{"connectionName":"3480f65c9bf74419a7ac106595d8c787","source":"Embedded","id":"/providers/Microsoft.PowerApps/apis/shared_sharepointonline","tier":"NotSpecified"},"shared_office365":{"connectionName":"a049ecf0e3624a5a9f414b25234e446d","source":"Embedded","id":"/providers/Microsoft.PowerApps/apis/shared_office365","tier":"NotSpecified"}},"flowFailureAlertSubscribed":false,"isManaged":false}}