{"name":"fe5ef9e1-5037-4713-ae49-bd0e0a06d895","id":"/providers/Microsoft.Flow/flows/fe5ef9e1-5037-4713-ae49-bd0e0a06d895","type":"Microsoft.Flow/flows","properties":{"apiId":"/providers/Microsoft.PowerApps/apis/shared_logicflows","displayName":"Post call survey - Production step 1","definition":{"metadata":{"workflowEntityId":null,"processAdvisorMetadata":null,"flowChargedByPaygo":null,"flowclientsuspensionreason":"None","flowclientsuspensiontime":null,"flowclientsuspensionreasondetails":"","creator":{"id":"0e852d43-baed-47d3-83ba-67996eac4b7b","type":"User","tenantId":"ef7f5213-d6d1-4d58-920b-f442749ee37d"},"provisioningMethod":"FromDefinition","failureAlertSubscription":true,"clientLastModifiedTime":"2024-04-19T11:12:00.6293729Z","connectionKeySavedTimeKey":"2024-04-17T00:26:11.1187509Z"},"$schema":"https://schema.management.azure.com/providers/Microsoft.Logic/schemas/2016-06-01/workflowdefinition.json#","contentVersion":"1.0.0.0","parameters":{"$authentication":{"defaultValue":{},"type":"SecureObject"},"$connections":{"defaultValue":{},"type":"Object"}},"triggers":{"When_a_new_email_arrives_(V3)":{"splitOn":"@triggerOutputs()?['body/value']","metadata":{"operationMetadataId":"9a53d531-4be3-404b-9f61-47b3c23ccf55"},"type":"OpenApiConnectionNotification","inputs":{"parameters":{"to":"richard.dib@employsure.com.au","from":"richard.dib@employsure.com.au","includeAttachments":true,"subjectFilter":"PostCallSurveyAutomate","importance":"Any","fetchOnlyWithAttachment":true,"folderPath":"Inbox"},"host":{"apiId":"/providers/Microsoft.PowerApps/apis/shared_office365","connectionName":"shared_office365","operationId":"OnNewEmailV3"},"authentication":"@parameters('$authentication')"}}},"actions":{"Initialize_variable":{"runAfter":{},"metadata":{"operationMetadataId":"52ac8362-9c8d-478f-b81a-52fb5a709821"},"type":"InitializeVariable","inputs":{"variables":[{"name":"IsFromFilterApplied","type":"boolean","value":true}]}},"Condition_3":{"actions":{"condition":{"actions":{"apply_to_each":{"foreach":"@triggerOutputs()?['body/attachments']","actions":{"create_file":{"metadata":{"operationMetadataId":"116a9c11-ebe4-4454-aad3-250ca236b3a7"},"type":"OpenApiConnection","inputs":{"parameters":{"dataset":"https://employsure.sharepoint.com/sites/IT-RichardQ","folderPath":"/Shared Documents/PostCallSurvey","name":"@items('Apply_to_each')?['name']","body":"@items('Apply_to_each')?['contentBytes']"},"host":{"apiId":"/providers/Microsoft.PowerApps/apis/shared_sharepointonline","connectionName":"shared_sharepointonline","operationId":"CreateFile"},"authentication":"@parameters('$authentication')"},"runtimeConfiguration":{"contentTransfer":{"transferMode":"Chunked"}}},"list_rows_present_in_a_table":{"runAfter":{"create_file":["Succeeded"]},"metadata":{"01H5Q57CCZXUISZKOOXJEYKCI6S45T4DUN":"/PostCallSurvey/PostCallSurveyResults.xlsx","tableId":"{3F644718-611C-49CA-9F00-8F71125D1083}","operationMetadataId":"14b0c36d-f822-4774-90ae-a175bbdf596d"},"type":"OpenApiConnection","inputs":{"parameters":{"source":"groups/d02099b0-693e-443e-8e01-e401e75e1b9c","drive":"b!dRUZhC3aWky6xNJBL40wTELiP8eVQhFNu4Sqd6LyKLmNwwPTRHGTR4LjXGQ1Yzh1","file":"01H5Q57CCZXUISZKOOXJEYKCI6S45T4DUN","table":"{3F644718-611C-49CA-9F00-8F71125D1083}"},"host":{"apiId":"/providers/Microsoft.PowerApps/apis/shared_excelonlinebusiness","connectionName":"shared_excelonlinebusiness","operationId":"GetItems"},"authentication":"@parameters('$authentication')"}},"foreach":{"foreach":"@outputs('List_rows_present_in_a_table')?['body/value']","actions":{"add_a_row_into_a_table":{"metadata":{"01H5Q57CCZXUISZKOOXJEYKCI6S45T4DUN":"/PostCallSurvey/PostCallSurveyResults.xlsx","tableId":"{3F644718-611C-49CA-9F00-8F71125D1083}","operationMetadataId":"40c91f4e-5609-4c44-8f25-0673472726f6"},"type":"OpenApiConnection","inputs":{"parameters":{"source":"groups/d02099b0-693e-443e-8e01-e401e75e1b9c","drive":"b!dRUZhC3aWky6xNJBL40wTELiP8eVQhFNu4Sqd6LyKLmNwwPTRHGTR4LjXGQ1Yzh1","file":"01H5Q57CCZXUISZKOOXJEYKCI6S45T4DUN","table":"{3F644718-611C-49CA-9F00-8F71125D1083}"},"host":{"apiId":"/providers/Microsoft.PowerApps/apis/shared_excelonlinebusiness","connectionName":"shared_excelonlinebusiness","operationId":"AddRowV2"},"authentication":"@parameters('$authentication')"}}},"runAfter":{"list_rows_present_in_a_table":["Succeeded"]},"metadata":{"operationMetadataId":"9c04766e-b252-4fce-9a23-65ae85283f99"},"type":"Foreach"}},"metadata":{"operationMetadataId":"078a034f-4bde-4abc-b1fb-4f2d581bdb09"},"type":"Foreach"}},"else":{"actions":{"apply_to_each_5":{"foreach":"@triggerOutputs()?['body/attachments']","actions":{"create_file_2":{"metadata":{"operationMetadataId":"5a48646a-b4d9-48cc-8614-429d532aaffd"},"type":"OpenApiConnection","inputs":{"parameters":{"dataset":"https://employsure.sharepoint.com/sites/IT-RichardQ","folderPath":"/Shared Documents/PostCallSurvey","name":"@items('Apply_to_each_5')?['name']","body":"@items('Apply_to_each_5')?['contentBytes']"},"host":{"apiId":"/providers/Microsoft.PowerApps/apis/shared_sharepointonline","connectionName":"shared_sharepointonline","operationId":"CreateFile"},"authentication":"@parameters('$authentication')"},"runtimeConfiguration":{"contentTransfer":{"transferMode":"Chunked"}}}},"metadata":{"operationMetadataId":"30c7d85f-bdcd-4737-bd1b-274f714368bd"},"type":"Foreach"}}},"expression":{"contains":["@triggerOutputs()?['body/from']","@triggerOutputs()?['body/toRecipients']"]},"metadata":{"operationMetadataId":"b6795d20-1731-4e5b-96ca-922976edcba8"},"type":"If"}},"runAfter":{"Initialize_variable":["Succeeded"]},"else":{"actions":{"apply_to_each_3":{"foreach":"@triggerOutputs()?['body/attachments']","actions":{"create_file_3":{"metadata":{"operationMetadataId":"73389c40-882a-4a47-8776-130635614fed"},"type":"OpenApiConnection","inputs":{"parameters":{"dataset":"https://employsure.sharepoint.com/sites/IT-RichardQ","folderPath":"/Shared Documents/PostCallSurvey","name":"@items('Apply_to_each_3')?['name']","body":"@items('Apply_to_each_3')?['contentBytes']"},"host":{"apiId":"/providers/Microsoft.PowerApps/apis/shared_sharepointonline","connectionName":"shared_sharepointonline","operationId":"CreateFile"},"authentication":"@parameters('$authentication')"},"runtimeConfiguration":{"contentTransfer":{"transferMode":"Chunked"}}}},"metadata":{"operationMetadataId":"84d6eaa5-f13e-4926-8be8-3f2dd1a2957a"},"type":"Foreach"}}},"expression":{"equals":["@variables('IsFromFilterApplied')","True"]},"metadata":{"operationMetadataId":"e7df5b8f-170d-4e33-8c3b-b1b3c9ca254c"},"type":"If"}},"outputs":{},"description":"When an email is received with an attachment, save the attachment to a SharePoint document library and receive a push notification. A filter may also be used to retrieve attachments from emails that are sent only by a specific person; this may be accomplished by setting the variable Ã¢â‚¬Å“IsFromFilterAppliedÃ¢â‚¬Â to Ã¢â‚¬Å“trueÃ¢â‚¬Â and adding an Email ID to the Ã¢â‚¬Å“FromÃ¢â‚¬Â field in the condition"},"connectionReferences":{"shared_office365":{"connectionName":"a049ecf0e3624a5a9f414b25234e446d","source":"Embedded","id":"/providers/Microsoft.PowerApps/apis/shared_office365","tier":"NotSpecified"},"shared_sharepointonline":{"connectionName":"3480f65c9bf74419a7ac106595d8c787","source":"Embedded","id":"/providers/Microsoft.PowerApps/apis/shared_sharepointonline","tier":"NotSpecified"},"shared_excelonlinebusiness":{"connectionName":"shared-excelonlinebu-2b9cff7f-7efc-4cf2-80db-3abf7c25d098","source":"Embedded","id":"/providers/Microsoft.PowerApps/apis/shared_excelonlinebusiness","tier":"NotSpecified"}},"flowFailureAlertSubscribed":false,"isManaged":false}}