{"name":"ba132114-6cb4-45aa-a12d-aadf537bc201","id":"/providers/Microsoft.Flow/flows/ba132114-6cb4-45aa-a12d-aadf537bc201","type":"Microsoft.Flow/flows","properties":{"apiId":"/providers/Microsoft.PowerApps/apis/shared_logicflows","displayName":"Post call survey - Production step 2 (update Excel)","definition":{"metadata":{"workflowEntityId":null,"processAdvisorMetadata":null,"flowChargedByPaygo":null,"flowclientsuspensionreason":"None","flowclientsuspensiontime":null,"flowclientsuspensionreasondetails":"","creator":{"id":"0e852d43-baed-47d3-83ba-67996eac4b7b","type":"User","tenantId":"ef7f5213-d6d1-4d58-920b-f442749ee37d"},"provisioningMethod":"FromDefinition","failureAlertSubscription":true,"clientLastModifiedTime":"2024-04-19T11:12:06.0646236Z","connectionKeySavedTimeKey":"2024-04-17T00:26:48.1761008Z"},"$schema":"https://schema.management.azure.com/providers/Microsoft.Logic/schemas/2016-06-01/workflowdefinition.json#","contentVersion":"1.0.0.0","parameters":{"$authentication":{"defaultValue":{},"type":"SecureObject"},"$connections":{"defaultValue":{},"type":"Object"}},"triggers":{"When_a_file_is_created_(properties_only)":{"recurrence":{"frequency":"Minute","interval":1},"splitOn":"@triggerOutputs()?['body/value']","metadata":{"operationMetadataId":"000b795e-b4e6-47d0-93e0-bb9560c5e84f"},"type":"OpenApiConnection","inputs":{"parameters":{"dataset":"https://employsure.sharepoint.com/sites/IT-RichardQ","table":"d303c38d-7144-4793-82e3-5c6435633875","folderPath":"/Shared Documents/PostCallSurvey"},"host":{"apiId":"/providers/Microsoft.PowerApps/apis/shared_sharepointonline","connectionName":"shared_sharepointonline","operationId":"GetOnNewFileItems"},"authentication":"@parameters('$authentication')"}}},"actions":{"Get_file_content_using_path":{"runAfter":{},"metadata":{"operationMetadataId":"ca19232c-ae03-4e98-9878-6ed68f460b69"},"type":"OpenApiConnection","inputs":{"parameters":{"dataset":"https://employsure.sharepoint.com/sites/IT-RichardQ","path":"/Shared Documents/PostCallSurvey/exported_data.csv","inferContentType":true},"host":{"apiId":"/providers/Microsoft.PowerApps/apis/shared_sharepointonline","connectionName":"shared_sharepointonline","operationId":"GetFileContentByPath"},"authentication":"@parameters('$authentication')"}},"csvData":{"runAfter":{"Get_file_content_using_path":["Succeeded"]},"metadata":{"operationMetadataId":"5269792a-4f74-4d8e-9c82-50cd0d5e61b7"},"type":"Compose","inputs":"@concat(trim(base64ToString(outputs('Get_file_content_using_path')?['body']['$content'])),',')"},"Run_script":{"runAfter":{"csvData":["Succeeded"]},"metadata":{"01H5Q57CDNRTUXSVHYQNHY5Q6JU7DON4VX":"/PostCallSurvey/Book.xlsx","operationMetadataId":"bcfcbe36-ddfc-409e-9788-14fd6105b8ce","tableId":null},"type":"OpenApiConnection","inputs":{"parameters":{"source":"groups/d02099b0-693e-443e-8e01-e401e75e1b9c","drive":"b!dRUZhC3aWky6xNJBL40wTELiP8eVQhFNu4Sqd6LyKLmNwwPTRHGTR4LjXGQ1Yzh1","file":"01H5Q57CDNRTUXSVHYQNHY5Q6JU7DON4VX","scriptId":"ms-officescript%3A%2F%2Fonedrive_business_itemlink%2F01XWH46RHVKOY6BHGVWNEYQR3ESQAIGOVP","ScriptParameters/csvData":"@outputs('csvData')"},"host":{"apiId":"/providers/Microsoft.PowerApps/apis/shared_excelonlinebusiness","connectionName":"shared_excelonlinebusiness","operationId":"RunScriptProd"},"authentication":"@parameters('$authentication')"}},"Parse_JSON":{"runAfter":{"Run_script":["Succeeded"]},"metadata":{"operationMetadataId":"5a2205b2-ea44-4854-8155-1ff5505bc78e"},"type":"ParseJson","inputs":{"content":"@outputs('Run_script')?['body/result']","schema":{"type":"array","items":{"type":"object","properties":{"key":{"type":"string"},"Score":{"type":"string"},"User":{"type":"string"},"Queue":{"type":"string"},"Date\r":{"type":"string"}},"required":["key"]}}}},"Apply_to_each_2":{"foreach":"@body('Parse_JSON')","actions":{"Add_a_row_into_a_table":{"metadata":{"01H5Q57CCZXUISZKOOXJEYKCI6S45T4DUN":"/PostCallSurvey/PostCallSurveyResults.xlsx","operationMetadataId":"47fd5b53-689a-42ee-9469-4cbec17d048c","tableId":"{3F644718-611C-49CA-9F00-8F71125D1083}"},"type":"OpenApiConnection","inputs":{"parameters":{"source":"groups/d02099b0-693e-443e-8e01-e401e75e1b9c","drive":"b!dRUZhC3aWky6xNJBL40wTELiP8eVQhFNu4Sqd6LyKLmNwwPTRHGTR4LjXGQ1Yzh1","file":"01H5Q57CCZXUISZKOOXJEYKCI6S45T4DUN","table":"{3F644718-611C-49CA-9F00-8F71125D1083}","item/ConversationID":"@items('Apply_to_each_2')['key']","item/Score":"@items('Apply_to_each_2')?['Score']","item/Agent":"@items('Apply_to_each_2')?['User']","item/Queue":"@items('Apply_to_each_2')?['Queue']","item/Date":"@items('Apply_to_each_2')?['Date\r']"},"host":{"apiId":"/providers/Microsoft.PowerApps/apis/shared_excelonlinebusiness","connectionName":"shared_excelonlinebusiness","operationId":"AddRowV2"},"authentication":"@parameters('$authentication')"}}},"runAfter":{"Parse_JSON":["Succeeded"]},"metadata":{"operationMetadataId":"b1ecb87d-84bd-4f0b-9d3a-df9d2a60532a"},"type":"Foreach"}}},"connectionReferences":{"shared_sharepointonline":{"connectionName":"3480f65c9bf74419a7ac106595d8c787","source":"Embedded","id":"/providers/Microsoft.PowerApps/apis/shared_sharepointonline","tier":"NotSpecified"},"shared_excelonlinebusiness":{"connectionName":"shared-excelonlinebu-2b9cff7f-7efc-4cf2-80db-3abf7c25d098","source":"Embedded","id":"/providers/Microsoft.PowerApps/apis/shared_excelonlinebusiness","tier":"NotSpecified"}},"flowFailureAlertSubscribed":false,"isManaged":false}}